PatchID,ImDBID
0,2
1,3
2,30
3,31
4,40
5,41
6,50
7,51
8,52
9,53
10,62
11,63
12,64
13,65
14,82
15,83
16,88
17,89
18,96
19,97
20,100
21,101
22,106
23,107
24,128
25,129
26,132
27,133
28,136
29,137
30,140
31,141
32,162
33,163
34,168
35,169
36,174
37,175
38,196
39,197
40,206
41,207
42,214
43,215
44,220
45,221
46,228
47,229
48,232
49,233
50,246
51,247
52,254
53,255
54,262
55,263
56,270
57,271
58,276
59,277
60,290
61,291
62,302
63,303
64,304
65,305
66,308
67,309
68,314
69,315
70,316
71,317
72,320
73,321
74,324
75,325
76,330
77,331
78,332
79,333
80,336
81,337
82,343
83,344
84,349
85,350
86,353
87,354
88,357
89,358
90,363
91,364
92,367
93,368
94,373
95,374
96,377
97,378
98,379
99,380
100,383
101,384
102,387
103,388
104,393
105,394
106,397
107,398
108,399
109,400
110,405
111,406
112,407
113,408
114,415
115,416
116,419
117,420
118,425
119,426
120,429
121,430
122,435
123,436
124,441
125,442
126,445
127,446
128,449
129,450
130,451
131,452
132,455
133,456
134,459
135,460
136,463
137,464
138,467
139,468
140,471
141,472
142,477
143,478
144,481
145,482
146,483
147,484
148,487
149,488
150,493
151,494
152,505
153,506
154,507
155,508
156,513
157,514
158,523
159,524
160,531
161,532
162,543
163,544
164,547
165,548
166,559
167,560
168,564
169,565
170,568
171,569
172,572
173,573
174,578
175,579
176,582
177,583
178,586
179,587
180,588
181,589
182,594
183,595
184,596
185,597
186,600
187,601
188,604
189,605
190,610
191,611
192,624
193,625
194,630
195,631
196,634
197,635
198,638
199,639
200,640
201,641
202,648
203,649
204,652
205,653
206,658
207,659
208,662
209,663
210,666
211,667
212,670
213,671
214,672
215,673
216,678
217,679
218,680
219,681
220,686
221,687
222,688
223,689
224,694
225,695
226,696
227,697
228,702
229,703
230,708
231,709
232,712
233,713
234,716
235,717
236,720
237,721
238,726
239,727
240,728
241,729
242,732
243,733
244,736
245,737
246,740
247,741
248,744
249,745
250,750
251,751
252,752
253,753
254,756
255,757
256,760
257,761
258,764
259,765
260,770
261,771
262,774
263,775
264,778
265,779
266,782
267,783
268,786
269,787
270,788
271,789
272,794
273,795
274,798
275,799
276,814
277,815
278,816
279,817
280,820
281,821
282,824
283,825
284,830
285,831
286,834
287,835
288,838
289,839
290,842
291,843
292,844
293,847
294,848
295,853
296,854
297,855
298,856
299,861
300,862
301,863
302,864
303,867
304,868
305,873
306,874
307,875
308,876
309,881
310,882
311,885
312,886
313,889
314,890
315,891
316,892
317,897
318,898
319,901
320,902
321,905
322,906
323,909
324,910
325,913
326,914
327,917
328,918
329,921
330,922
331,923
332,924
333,927
334,928
335,933
336,934
337,937
338,938
339,941
340,942
341,943
342,944
343,949
344,950
345,953
346,954
347,957
348,958
349,959
350,960
351,963
352,964
353,967
354,968
355,971
356,972
357,977
358,978
359,979
360,980
361,983
362,984
363,987
364,988
365,993
366,994
367,997
368,998
369,1001
370,1002
371,1005
372,1006
373,1007
374,1008
375,1011
376,1012
377,1015
378,1016
379,1019
380,1020
381,1023
382,1024
383,1029
384,1030
385,1033
386,1034
387,1037
388,1038
389,1041
390,1042
391,1043
392,1044
393,1047
394,1048
395,1051
396,1052
397,1057
398,1058
399,1061
400,1062
401,1065
402,1066
403,1067
404,1068
405,1071
406,1072
407,1077
408,1078
409,1079
410,1080
411,1085
412,1086
413,1089
414,1090
415,1091
416,1092
417,1097
418,1098
419,1101
420,1102
421,1103
422,1104
423,1107
424,1108
425,1113
426,1114
427,1115
428,1116
429,1121
430,1122
431,1125
432,1126
433,1127
434,1130
435,1131
436,1136
437,1137
438,1138
439,1139
440,1144
441,1145
442,1148
443,1149
444,1150
445,1151
446,1160
447,1161
448,1164
449,1165
450,1166
451,1167
452,1170
453,1171
454,1176
455,1177
456,1180
457,1181
458,1184
459,1185
460,1186
461,1187
462,1190
463,1191
464,1196
465,1197
466,1200
467,1201
468,1203
469,1204
470,1207
471,1208
472,1214
473,1215
474,1216
475,1221
476,1222
477,1225
478,1226
479,1229
480,1230
481,1231
482,1232
483,1237
484,1238
485,1239
486,1240
487,1245
488,1246
489,1247
490,1248
491,1253
492,1254
493,1257
494,1258
495,1259
496,1260
497,1263
498,1264
499,1269
500,1270
501,1271
502,1272
503,1275
504,1276
505,1280
506,1281
507,1282
508,1283
509,1288
510,1289
511,1292
512,1293
513,1294
514,1295
515,1300
516,1301
517,1302
518,1303
519,1306
520,1307
521,1320
522,1321
523,1324
524,1325
525,1326
526,1327
527,1329
528,1330
529,1333
530,1334
531,1337
532,1338
533,1341
534,1342
535,1345
536,1346
537,1349
538,1350
539,1351
540,1354
541,1355
542,1362
543,1363
544,1368
545,1369
546,1370
547,1371
548,1376
549,1377
550,1380
551,1381
552,1384
553,1385
554,1388
555,1389
556,1390
557,1391
558,1394
559,1395
560,1400
561,1401
562,1402
563,1403
564,1406
565,1407
566,1412
567,1413
568,1416
569,1417
570,1420
571,1421
572,1424
573,1425
574,1426
575,1427
576,1430
577,1431
578,1436
579,1437
580,1440
581,1441
582,1444
583,1445
584,1448
585,1449
586,1452
587,1453
588,1454
589,1455
590,1460
591,1461
592,1462
593,1463
594,1466
595,1467
596,1470
597,1471
598,1474
599,1475
600,1482
601,1483
602,1486
603,1487
604,1490
605,1491
606,1494
607,1495
608,1498
609,1499
610,1508
611,1509
612,1516
613,1517
614,1518
615,1519
616,1524
617,1525
618,1530
619,1531
620,1540
621,1541
622,1542
623,1543
624,1546
625,1547
626,1550
627,1551
628,1554
629,1555
630,1560
631,1561
632,1564
633,1565
634,1566
635,1567
636,1570
637,1571
638,1574
639,1575
640,1578
641,1579
642,1584
643,1585
644,1588
645,1589
646,1592
647,1593
648,1596
649,1597
650,1598
651,1599
652,1602
653,1603
654,1608
655,1609
656,1612
657,1613
658,1616
659,1617
660,1618
661,1619
662,1624
663,1625
664,1626
665,1627
666,1634
667,1635
668,1638
669,1639
670,1644
671,1645
672,1648
673,1649
674,1650
675,1651
676,1656
677,1657
678,1660
679,1661
680,1662
681,1663
682,1668
683,1669
684,1672
685,1673
686,1676
687,1677
688,1680
689,1681
690,1684
691,1685
692,1688
693,1689
694,1690
695,1691
696,1696
697,1697
698,1700
699,1701
700,1704
701,1705
702,1706
703,1707
704,1712
705,1713
706,1716
707,1717
708,1720
709,1721
710,1724
711,1725
712,1726
713,1727
714,1730
715,1731
716,1734
717,1735
718,1740
719,1741
720,1744
721,1745
722,1748
723,1749
724,1752
725,1753
726,1756
727,1757
728,1760
729,1761
730,1763
731,1765
732,1766
733,1767
734,1768
735,1773
736,1774
737,1777
738,1778
739,1779
740,1780
741,1785
742,1786
743,1789
744,1790
745,1791
746,1792
747,1795
748,1796
749,1801
750,1802
751,1803
752,1804
753,1809
754,1810
755,1813
756,1814
757,1815
758,1816
759,1821
760,1822
761,1825
762,1826
763,1829
764,1830
765,1831
766,1832
767,1837
768,1838
769,1841
770,1842
771,1845
772,1846
773,1847
774,1848
775,1853
776,1854
777,1857
778,1858
779,1859
780,1860
781,1863
782,1864
783,1867
784,1868
785,1873
786,1874
787,1877
788,1878
789,1881
790,1882
791,1885
792,1888
793,1889
794,1892
795,1893
796,1894
797,1895
798,1896
799,1897
800,1898
801,1899
802,1902
803,1903
804,1908
805,1909
806,1910
807,1911
808,1916
809,1917
810,1918
811,1919
812,1922
813,1923
814,1928
815,1929
816,1934
817,1935
818,1942
819,1943
820,1948
821,1949
822,1950
823,1951
824,1958
825,1959
826,1966
827,1967
828,1972
829,1973
830,1974
831,1975
832,1978
833,1979
834,1982
835,1983
836,1990
837,1991
838,1994
839,1995
840,2000
841,2001
842,2002
843,2003
844,2006
845,2007
846,2012
847,2013
848,2016
849,2017
850,2020
851,2021
852,2030
853,2031
854,2034
855,2035
856,2040
857,2041
858,2046
859,2047
860,2052
861,2053
862,2056
863,2057
864,2066
865,2067
866,2070
867,2071
868,2074
869,2075
870,2080
871,2081
872,2084
873,2085
874,2088
875,2089
876,2090
877,2091
878,2096
879,2097
880,2100
881,2101
882,2102
883,2103
884,2106
885,2107
886,2112
887,2113
888,2116
889,2117
890,2124
891,2125
892,2126
893,2127
894,2130
895,2135
896,2136
897,2137
898,2138
899,2141
900,2142
901,2145
902,2146
903,2149
904,2150
905,2155
906,2156
907,2159
908,2160
909,2161
910,2162
911,2167
912,2168
913,2169
914,2170
915,2175
916,2176
917,2179
918,2180
919,2183
920,2184
921,2187
922,2188
923,2190
924,2191
925,2196
926,2197
927,2202
928,2203
929,2206
930,2207
931,2208
932,2209
933,2212
934,2213
935,2216
936,2217
937,2220
938,2221
939,2224
940,2225
941,2228
942,2229
943,2232
944,2233
945,2238
946,2239
947,2240
948,2241
949,2246
950,2247
951,2250
952,2251
953,2254
954,2255
955,2258
956,2259
957,2260
958,2261
959,2266
960,2267
961,2268
962,2269
963,2274
964,2275
965,2276
966,2277
967,2282
968,2283
969,2284
970,2285
971,2290
972,2291
973,2296
974,2297
975,2300
976,2301
977,2304
978,2305
979,2308
980,2309
981,2316
982,2317
983,2322
984,2323
985,2326
986,2327
987,2328
988,2329
989,2332
990,2333
991,2338
992,2339
993,2342
994,2343
995,2344
996,2345
997,2350
998,2351
999,2352
1000,2353
1001,2358
1002,2359
1003,2360
1004,2361
1005,2366
1006,2367
1007,2370
1008,2371
1009,2374
1010,2375
1011,2378
1012,2379
1013,2380
1014,2381
1015,2384
1016,2385
1017,2388
1018,2389
1019,2392
1020,2393
1021,2398
1022,2399
1023,2402
1024,2403
1025,2406
1026,2407
1027,2410
1028,2411
1029,2414
1030,2415
1031,2416
1032,2417
1033,2420
1034,2421
1035,2426
1036,2427
1037,2430
1038,2431
1039,2432
1040,2433
1041,2438
1042,2439
1043,2440
1044,2445
1045,2446
1046,2449
1047,2450
1048,2451
1049,2452
1050,2457
1051,2458
1052,2460
1053,2462
1054,2465
1055,2466
1056,2467
1057,2468
1058,2471
1059,2472
1060,2475
1061,2478
1062,2479
1063,2482
1064,2483
1065,2486
1066,2487
1067,2491
1068,2494
1069,2495
1070,2496
1071,2497
1072,2502
1073,2503
1074,2504
1075,2505
1076,2508
1077,2509
1078,2516
1079,2517
1080,2522
1081,2523
1082,2526
1083,2527
1084,2530
1085,2531
1086,2534
1087,2535
1088,2536
1089,2537
1090,2540
1091,2541
1092,2544
1093,2545
1094,2548
1095,2549
1096,2552
1097,2557
1098,2558
1099,2559
1100,2560
1101,2562
1102,2563
1103,2566
1104,2567
1105,2572
1106,2573
1107,2576
1108,2577
1109,2580
1110,2581
1111,2584
1112,2585
1113,2588
1114,2589
1115,2592
1116,2593
1117,2596
1118,2597
1119,2600
1120,2601
1121,2602
1122,2603
1123,2608
1124,2609
1125,2610
1126,2611
1127,2616
1128,2617
1129,2620
1130,2621
1131,2622
1132,2623
1133,2626
1134,2627
1135,2630
1136,2631
1137,2636
1138,2637
1139,2640
1140,2641
1141,2644
1142,2645
1143,2648
1144,2649
1145,2650
1146,2651
1147,2654
1148,2655
1149,2660
1150,2661
1151,2664
1152,2665
1153,2672
1154,2673
1155,2674
1156,2675
1157,2680
1158,2681
1159,2688
1160,2689
1161,2692
1162,2693
1163,2696
1164,2697
1165,2700
1166,2701
1167,2702
1168,2703
1169,2708
1170,2709
1171,2710
1172,2711
1173,2714
1174,2715
1175,2718
1176,2719
1177,2724
1178,2725
1179,2726
1180,2727
1181,2730
1182,2731
1183,2734
1184,2735
1185,2740
1186,2741
1187,2746
1188,2747
1189,2750
1190,2751
1191,2756
1192,2757
1193,2760
1194,2761
1195,2764
1196,2765
1197,2766
1198,2767
1199,2772
1200,2773
1201,2774
1202,2775
1203,2778
1204,2779
1205,2788
1206,2789
1207,2790
1208,2791
1209,2794
1210,2795
1211,2800
1212,2801
1213,2804
1214,2805
1215,2806
1216,2807
1217,2812
1218,2813
1219,2814
1220,2815
1221,2820
1222,2821
1223,2822
1224,2823
1225,2828
1226,2829
1227,2832
1228,2833
1229,2840
1230,2841
1231,2844
1232,2845
1233,2848
1234,2849
1235,2852
1236,2853
1237,2856
1238,2857
1239,2860
1240,2861
1241,2862
1242,2863
1243,2866
1244,2867
1245,2870
1246,2871
1247,2876
1248,2877
1249,2878
1250,2879
1251,2882
1252,2883
1253,2886
1254,2887
1255,2892
1256,2893
1257,2894
1258,2895
1259,2898
1260,2899
1261,2904
1262,2905
1263,2908
1264,2909
1265,2912
1266,2913
1267,2916
1268,2917
1269,2920
1270,2921
1271,2924
1272,2925
1273,2926
1274,2927
1275,2932
1276,2933
1277,2934
1278,2935
1279,2940
1280,2941
1281,2944
1282,2945
1283,2946
1284,2947
1285,2952
1286,2953
1287,2956
1288,2957
1289,2958
1290,2959
1291,2964
1292,2965
1293,2968
1294,2969
1295,2970
1296,2975
1297,2976
1298,2979
1299,2980
1300,2983
1301,2984
1302,2987
1303,2988
1304,2991
1305,2992
1306,2995
1307,2996
1308,2999
1309,3000
1310,3003
1311,3004
1312,3005
1313,3006
1314,3011
1315,3012
1316,3015
1317,3016
1318,3017
1319,3018
1320,3021
1321,3022
1322,3027
1323,3028
1324,3029
1325,3030
1326,3033
1327,3034
1328,3039
1329,3040
1330,3043
1331,3044
1332,3047
1333,3048
1334,3049
1335,3050
1336,3053
1337,3054
1338,3059
1339,3060
1340,3061
1341,3062
1342,3065
1343,3066
1344,3069
1345,3070
1346,3073
1347,3074
1348,3079
1349,3080
1350,3083
1351,3084
1352,3091
1353,3092
1354,3093
1355,3094
1356,3099
1357,3100
1358,3103
1359,3104
1360,3105
1361,3106
1362,3109
1363,3110
1364,3115
1365,3116
1366,3117
1367,3118
1368,3123
1369,3124
1370,3127
1371,3128
1372,3131
1373,3132
1374,3135
1375,3136
1376,3139
1377,3140
1378,3143
1379,3144
1380,3147
1381,3148
1382,3149
1383,3150
1384,3153
1385,3154
1386,3159
1387,3160
1388,3161
1389,3162
1390,3167
1391,3168
1392,3171
1393,3172
1394,3173
1395,3174
1396,3179
1397,3180
1398,3181
1399,3182
1400,3187
1401,3188
1402,3189
1403,3190
1404,3193
1405,3194
1406,3197
1407,3198
1408,3203
1409,3204
1410,3209
1411,3210
1412,3215
1413,3216
1414,3219
1415,3220
1416,3223
1417,3224
1418,3227
1419,3228
1420,3231
1421,3232
1422,3235
1423,3236
1424,3239
1425,3240
1426,3243
1427,3244
1428,3245
1429,3246
1430,3251
1431,3252
1432,3253
1433,3254
1434,3259
1435,3260
1436,3263
1437,3264
1438,3267
1439,3268
1440,3269
1441,3270
1442,3273
1443,3274
1444,3277
1445,3278
1446,3283
1447,3284
1448,3285
1449,3286
1450,3291
1451,3292
1452,3293
1453,3294
1454,3299
1455,3300
1456,3303
1457,3304
1458,3307
1459,3308
1460,3315
1461,3316
1462,3319
1463,3320
1464,3321
1465,3322
1466,3325
1467,3326
1468,3331
1469,3332
1470,3335
1471,3336
1472,3339
1473,3340
1474,3343
1475,3344
1476,3345
1477,3346
1478,3351
1479,3352
1480,3353
1481,3354
1482,3359
1483,3360
1484,3361
1485,3362
1486,3367
1487,3368
1488,3371
1489,3372
1490,3375
1491,3376
1492,3379
1493,3380
1494,3381
1495,3382
1496,3387
1497,3388
1498,3389
1499,3390
1500,3395
1501,3396
1502,3397
1503,3398
1504,3401
1505,3402
1506,3405
1507,3406
1508,3409
1509,3410
1510,3413
1511,3414
1512,3419
1513,3420
1514,3423
1515,3424
1516,3427
1517,3428
1518,3431
1519,3432
1520,3433
1521,3434
1522,3439
1523,3440
1524,3441
1525,3442
1526,3447
1527,3448
1528,3451
1529,3452
1530,3453
1531,3454
1532,3456
1533,3457
1534,3460
1535,3461
1536,3464
1537,3465
1538,3470
1539,3471
1540,3474
1541,3475
1542,3478
1543,3479
1544,3480
1545,3481
1546,3486
1547,3487
1548,3490
1549,3491
1550,3494
1551,3495
1552,3498
1553,3499
1554,3502
1555,3503
1556,3506
1557,3507
1558,3510
1559,3511
1560,3512
1561,3513
1562,3516
1563,3517
1564,3522
1565,3523
1566,3526
1567,3527
1568,3530
1569,3531
1570,3534
1571,3535
1572,3536
1573,3537
1574,3540
1575,3541
1576,3546
1577,3547
1578,3548
1579,3549
1580,3554
1581,3555
1582,3557
1583,3558
1584,3559
1585,3560
1586,3564
1587,3565
1588,3566
1589,3567
1590,3570
1591,3571
1592,3574
1593,3575
1594,3578
1595,3579
1596,3584
1597,3585
1598,3586
1599,3587
1600,3590
1601,3591
1602,3594
1603,3595
1604,3598
1605,3599
1606,3604
1607,3605
1608,3606
1609,3607
1610,3612
1611,3613
1612,3616
1613,3617
1614,3618
1615,3619
1616,3624
1617,3625
1618,3626
1619,3627
1620,3632
1621,3633
1622,3636
1623,3637
1624,3638
1625,3639
1626,3644
1627,3645
1628,3648
1629,3649
1630,3650
1631,3651
1632,3664
1633,3665
1634,3666
1635,3667
1636,3672
1637,3673
1638,3676
1639,3677
1640,3678
1641,3679
1642,3682
1643,3683
1644,3696
1645,3697
1646,3700
1647,3701
1648,3702
1649,3703
1650,3708
1651,3709
1652,3712
1653,3713
1654,3718
1655,3719
1656,3722
1657,3723
1658,3728
1659,3729
1660,3730
1661,3731
1662,3736
1663,3737
1664,3744
1665,3745
1666,3746
1667,3747
1668,3756
1669,3757
1670,3758
1671,3759
1672,3768
1673,3769
1674,3782
1675,3783
1676,3786
1677,3787
1678,3790
1679,3791
1680,3798
1681,3799
1682,3802
1683,3803
1684,3806
1685,3807
1686,3810
1687,3811
1688,3814
1689,3815
1690,3818
1691,3819
1692,3822
1693,3823
1694,3828
1695,3829
1696,3832
1697,3833
1698,3836
1699,3837
1700,3840
1701,3841
1702,3842
1703,3843
1704,3848
1705,3849
1706,3852
1707,3853
1708,3856
1709,3857
1710,3858
1711,3859
1712,3864
1713,3865
1714,3866
1715,3867
1716,3872
1717,3873
1718,3876
1719,3877
1720,3878
1721,3879
1722,3884
1723,3885
1724,3888
1725,3889
1726,3890
1727,3895
1728,3896
1729,3897
1730,3898
1731,3903
1732,3904
1733,3905
1734,3906
1735,3909
1736,3910
1737,3913
1738,3914
1739,3919
1740,3920
1741,3921
1742,3922
1743,3927
1744,3930
1745,3931
1746,3932
1747,3933
1748,3938
1749,3939
1750,3940
1751,3941
1752,3944
1753,3945
1754,3956
1755,3957
1756,3960
1757,3961
1758,3964
1759,3965
1760,3968
1761,3969
1762,3972
1763,3973
1764,3975
1765,3976
1766,3979
1767,3980
1768,3985
1769,3986
1770,3996
1771,3997
1772,3998
1773,3999
1774,4004
1775,4005
1776,4008
1777,4009
1778,4010
1779,4011
1780,4014
1781,4015
1782,4018
1783,4019
1784,4022
1785,4023
1786,4026
1787,4027
1788,4030
1789,4031
1790,4036
1791,4037
1792,4040
1793,4041
1794,4044
1795,4045
1796,4046
1797,4047
1798,4052
1799,4053
1800,4054
1801,4055
1802,4060
1803,4061
1804,4062
1805,4063
1806,4066
1807,4067
1808,4072
1809,4073
1810,4080
1811,4081
1812,4084
1813,4085
1814,4088
1815,4089
1816,4092
1817,4093
1818,4096
1819,4097
1820,4100
1821,4101
1822,4104
1823,4105
1824,4108
1825,4109
1826,4112
1827,4113
1828,4116
1829,4117
1830,4122
1831,4123
1832,4126
1833,4127
1834,4130
1835,4131
1836,4136
1837,4137
1838,4138
1839,4139
1840,4144
1841,4147
1842,4148
1843,4149
1844,4150
1845,4155
1846,4156
1847,4157
1848,4158
1849,4163
1850,4164
1851,4167
1852,4168
1853,4169
1854,4170
1855,4175
1856,4176
1857,4177
1858,4178
1859,4182
1860,4183
1861,4185
1862,4186
1863,4189
1864,4190
1865,4191
1866,4192
1867,4195
1868,4196
1869,4201
1870,4202
1871,4205
1872,4206
1873,4207
1874,4208
1875,4213
1876,4214
1877,4221
1878,4222
1879,4225
1880,4226
1881,4227
1882,4228
1883,4231
1884,4232
1885,4235
1886,4236
1887,4239
1888,4240
1889,4245
1890,4246
1891,4249
1892,4250
1893,4253
1894,4254
1895,4255
1896,4256
1897,4261
1898,4262
1899,4263
1900,4264
1901,4267
1902,4268
1903,4273
1904,4274
1905,4277
1906,4278
1907,4279
1908,4280
1909,4285
1910,4286
1911,4287
1912,4288
1913,4291
1914,4292
1915,4295
1916,4296
1917,4301
1918,4302
1919,4303
1920,4304
1921,4309
1922,4310
1923,4311
1924,4312
1925,4321
1926,4322
1927,4325
1928,4326
1929,4327
1930,4328
1931,4331
1932,4332
1933,4337
1934,4338
1935,4341
1936,4342
1937,4345
1938,4346
1939,4347
1940,4348
1941,4353
1942,4354
1943,4357
1944,4358
1945,4359
1946,4360
1947,4363
1948,4364
1949,4369
1950,4370
1951,4373
1952,4374
1953,4377
1954,4378
1955,4381
1956,4382
1957,4385
1958,4386
1959,4387
1960,4388
1961,4393
1962,4394
1963,4397
1964,4398
1965,4401
1966,4402
1967,4405
1968,4406
1969,4409
1970,4410
1971,4411
1972,4412
1973,4417
1974,4418
1975,4419
1976,4420
1977,4423
1978,4424
1979,4429
1980,4430
1981,4431
1982,4432
1983,4435
1984,4436
1985,4439
1986,4440
1987,4447
1988,4448
1989,4453
1990,4454
1991,4455
1992,4456
1993,4461
1994,4462
1995,4465
1996,4466
1997,4469
1998,4470
1999,4473
2000,4474
2001,4475
2002,4476
2003,4481
2004,4482
2005,4485
2006,4486
2007,4489
2008,4490
2009,4491
2010,4492
2011,4497
2012,4498
2013,4501
2014,4502
2015,4505
2016,4506
2017,4509
2018,4510
2019,4511
2020,4512
2021,4517
2022,4518
2023,4521
2024,4522
2025,4523
2026,4524
2027,4529
2028,4530
2029,4533
2030,4534
2031,4537
2032,4538
2033,4541
2034,4542
2035,4543
2036,4544
2037,4547
2038,4548
2039,4553
2040,4554
2041,4557
2042,4558
2043,4559
2044,4560
2045,4565
2046,4566
2047,4571
2048,4572
2049,4577
2050,4578
2051,4579
2052,4580
2053,4583
2054,4584
2055,4587
2056,4588
2057,4593
2058,4594
2059,4595
2060,4596
2061,4601
2062,4602
2063,4603
2064,4604
2065,4609
2066,4610
2067,4613
2068,4614
2069,4617
2070,4618
2071,4621
2072,4622
2073,4623
2074,4624
2075,4629
2076,4630
2077,4631
2078,4632
2079,4635
2080,4636
2081,4641
2082,4642
2083,4645
2084,4646
2085,4649
2086,4650
2087,4651
2088,4652
2089,4657
2090,4658
2091,4661
2092,4662
2093,4665
2094,4666
2095,4667
2096,4668
2097,4671
2098,4672
2099,4677
2100,4678
2101,4679
2102,4680
2103,4685
2104,4686
2105,4687
2106,4688
2107,4691
2108,4692
2109,4697
2110,4698
2111,4701
2112,4702
2113,4705
2114,4706
2115,4707
2116,4708
2117,4713
2118,4714
2119,4715
2120,4716
2121,4721
2122,4722
2123,4723
2124,4724
2125,4727
2126,4728
2127,4731
2128,4732
2129,4737
2130,4738
2131,4741
2132,4742
2133,4743
2134,4744
2135,4747
2136,4748
2137,4751
2138,4752
2139,4755
2140,4756
2141,4761
2142,4762
2143,4767
2144,4768
2145,4773
2146,4774
2147,4777
2148,4778
2149,4781
2150,4782
2151,4783
2152,4784
2153,4789
2154,4790
2155,4793
2156,4794
2157,4795
2158,4796
2159,4801
2160,4802
2161,4803
2162,4804
2163,4807
2164,4808
2165,4813
2166,4814
2167,4817
2168,4818
2169,4819
2170,4820
2171,4825
2172,4826
2173,4827
2174,4828
2175,4837
2176,4838
2177,4841
2178,4842
2179,4843
2180,4844
2181,4847
2182,4848
2183,4851
2184,4852
2185,4857
2186,4858
2187,4861
2188,4862
2189,4863
2190,4864
2191,4867
2192,4868
2193,4871
2194,4872
2195,4877
2196,4878
2197,4881
2198,4882
2199,4885
2200,4886
2201,4889
2202,4890
2203,4891
2204,4892
2205,4897
2206,4898
2207,4901
2208,4902
2209,4905
2210,4906
2211,4907
2212,4908
2213,4913
2214,4914
2215,4915
2216,4916
2217,4921
2218,4922
2219,4925
2220,4926
2221,4929
2222,4930
2223,4933
2224,4934
2225,4937
2226,4938
2227,4939
2228,4940
2229,4947
2230,4948
2231,4951
2232,4952
2233,4955
2234,4956
2235,4959
2236,4960
2237,4963
2238,4964
2239,4967
2240,4968
2241,4971
2242,4972
2243,4977
2244,4978
2245,4981
2246,4982
2247,4983
2248,4984
2249,4989
2250,4990
2251,4997
2252,4998
2253,4999
2254,5000
2255,5005
2256,5006
2257,5007
2258,5008
2259,5013
2260,5014
2261,5015
2262,5016
2263,5019
2264,5020
2265,5025
2266,5026
2267,5027
2268,5028
2269,5031
2270,5032
2271,5035
2272,5036
2273,5041
2274,5042
2275,5045
2276,5046
2277,5047
2278,5048
2279,5053
2280,5054
2281,5057
2282,5058
2283,5059
2284,5060
2285,5065
2286,5066
2287,5069
2288,5070
2289,5073
2290,5074
2291,5075
2292,5076
2293,5079
2294,5080
2295,5083
2296,5084
2297,5089
2298,5090
2299,5095
2300,5096
2301,5101
2302,5102
2303,5103
2304,5104
2305,5109
2306,5110
2307,5113
2308,5114
2309,5115
2310,5116
2311,5121
2312,5122
2313,5123
2314,5124
2315,5127
2316,5128
2317,5131
2318,5132
2319,5135
2320,5136
2321,5141
2322,5142
2323,5145
2324,5146
2325,5147
2326,5148
2327,5151
2328,5152
2329,5157
2330,5158
2331,5159
2332,5160
2333,5163
2334,5164
2335,5167
2336,5168
2337,5173
2338,5174
2339,5175
2340,5176
2341,5179
2342,5180
2343,5185
2344,5186
2345,5187
2346,5188
2347,5191
2348,5192
2349,5195
2350,5196
2351,5201
2352,5202
2353,5205
2354,5206
2355,5209
2356,5210
2357,5213
2358,5214
2359,5217
2360,5218
2361,5219
2362,5220
2363,5223
2364,5224
2365,5235
2366,5236
2367,5239
2368,5240
2369,5245
2370,5246
2371,5249
2372,5250
2373,5253
2374,5254
2375,5257
2376,5258
2377,5259
2378,5260
2379,5265
2380,5266
2381,5273
2382,5274
2383,5277
2384,5278
2385,5281
2386,5282
2387,5283
2388,5284
2389,5287
2390,5288
2391,5293
2392,5294
2393,5297
2394,5298
2395,5301
2396,5302
2397,5303
2398,5304
2399,5307
2400,5308
2401,5311
2402,5312
2403,5315
2404,5316
2405,5319
2406,5320
2407,5325
2408,5326
2409,5327
2410,5328
2411,5331
2412,5332
2413,5337
2414,5338
2415,5341
2416,5342
2417,5343
2418,5344
2419,5349
2420,5350
2421,5353
2422,5354
2423,5357
2424,5358
2425,5361
2426,5362
2427,5365
2428,5366
2429,5369
2430,5370
2431,5371
2432,5372
2433,5375
2434,5376
2435,5379
2436,5380
2437,5383
2438,5384
2439,5389
2440,5390
2441,5393
2442,5394
2443,5395
2444,5396
2445,5401
2446,5402
2447,5405
2448,5406
2449,5409
2450,5410
2451,5413
2452,5414
2453,5417
2454,5418
2455,5419
2456,5420
2457,5425
2458,5426
2459,5427
2460,5428
2461,5433
2462,5434
2463,5435
2464,5436
2465,5439
2466,5440
2467,5445
2468,5446
2469,5447
2470,5448
2471,5451
2472,5452
2473,5457
2474,5458
2475,5461
2476,5462
2477,5465
2478,5466
2479,5469
2480,5470
2481,5471
2482,5472
2483,5475
2484,5476
2485,5481
2486,5482
2487,5485
2488,5486
2489,5489
2490,5490
2491,5493
2492,5494
2493,5497
2494,5498
2495,5501
2496,5502
2497,5503
2498,5504
2499,5507
2500,5508
2501,5511
2502,5512
2503,5517
2504,5518
2505,5521
2506,5522
2507,5523
2508,5524
2509,5529
2510,5530
2511,5533
2512,5534
2513,5537
2514,5538
2515,5541
2516,5542
2517,5545
2518,5546
2519,5549
2520,5550
2521,5551
2522,5552
2523,5555
2524,5556
2525,5558
2526,5559
2527,5564
2528,5565
2529,5568
2530,5569
2531,5572
2532,5573
2533,5576
2534,5577
2535,5580
2536,5581
2537,5584
2538,5585
2539,5586
2540,5587
2541,5590
2542,5591
2543,5594
2544,5595
2545,5600
2546,5601
2547,5603
2548,5604
2549,5607
2550,5608
2551,5609
2552,5610
2553,5613
2554,5614
2555,5619
2556,5620
2557,5621
2558,5622
2559,5627
2560,5628
2561,5631
2562,5632
2563,5634
2564,5635
2565,5637
2566,5638
2567,5641
2568,5642
2569,5643
2570,5644
2571,5649
2572,5650
2573,5653
2574,5654
2575,5655
2576,5656
2577,5659
2578,5660
2579,5665
2580,5666
2581,5667
2582,5670
2583,5671
2584,5676
2585,5677
2586,5678
2587,5679
2588,5684
2589,5685
2590,5692
2591,5693
2592,5694
2593,5697
2594,5698
2595,5706
2596,5707
2597,5710
2598,5711
2599,5712
2600,5713
2601,5716
2602,5717
2603,5722
2604,5723
2605,5724
2606,5725
2607,5730
2608,5731
2609,5734
2610,5735
2611,5736
2612,5737
2613,5742
2614,5743
2615,5744
2616,5745
2617,5748
2618,5749
2619,5754
2620,5755
2621,5758
2622,5759
2623,5760
2624,5761
2625,5764
2626,5765
2627,5770
2628,5771
2629,5772
2630,5773
2631,5778
2632,5779
2633,5780
2634,5781
2635,5783
2636,5784
2637,5789
2638,5790
2639,5793
2640,5794
2641,5795
2642,5796
2643,5799
2644,5800
2645,5805
2646,5806
2647,5807
2648,5808
2649,5811
2650,5812
2651,5815
2652,5816
2653,5819
2654,5820
2655,5823
2656,5824
2657,5829
2658,5830
2659,5831
2660,5832
2661,5835
2662,5836
2663,5841
2664,5842
2665,5843
2666,5844
2667,5849
2668,5850
2669,5851
2670,5852
2671,5857
2672,5858
2673,5861
2674,5862
2675,5863
2676,5864
2677,5867
2678,5868
2679,5875
2680,5876
2681,5879
2682,5880
2683,5885
2684,5886
2685,5887
2686,5888
2687,5893
2688,5894
2689,5897
2690,5898
2691,5901
2692,5902
2693,5903
2694,5904
2695,5909
2696,5910
2697,5913
2698,5914
2699,5915
2700,5916
2701,5925
2702,5926
2703,5929
2704,5930
2705,5933
2706,5934
2707,5937
2708,5938
2709,5941
2710,5942
2711,5949
2712,5950
2713,5953
2714,5954
2715,5955
2716,5956
2717,5961
2718,5962
2719,5969
2720,5970
2721,5971
2722,5972
2723,5977
2724,5978
2725,5979
2726,5980
2727,5983
2728,5984
2729,5993
2730,5994
2731,5999
2732,6000
2733,6007
2734,6008
2735,6011
2736,6012
2737,6023
2738,6024
2739,6029
2740,6030
2741,6033
2742,6034
2743,6037
2744,6038
2745,6039
2746,6040
2747,6045
2748,6046
2749,6049
2750,6050
2751,6061
2752,6062
2753,6069
2754,6070
2755,6071
2756,6072
2757,6075
2758,6076
2759,6081
2760,6082
2761,6083
2762,6084
2763,6087
2764,6088
2765,6091
2766,6092
2767,6095
2768,6096
2769,6099
2770,6100
2771,6109
2772,6110
2773,6111
2774,6112
2775,6117
2776,6118
2777,6121
2778,6122
2779,6123
2780,6124
2781,6127
2782,6128
2783,6131
2784,6132
2785,6137
2786,6138
2787,6141
2788,6142
2789,6145
2790,6146
2791,6151
2792,6152
2793,6155
2794,6156
2795,6163
2796,6164
2797,6169
2798,6170
2799,6175
2800,6176
2801,6181
2802,6182
2803,6183
2804,6184
2805,6187
2806,6188
2807,6193
2808,6194
2809,6197
2810,6198
2811,6199
2812,6200
2813,6203
2814,6204
2815,6221
2816,6222
2817,6225
2818,6226
2819,6227
2820,6228
2821,6233
2822,6234
2823,6237
2824,6238
2825,6241
2826,6242
2827,6243
2828,6244
2829,6247
2830,6248
2831,6251
2832,6252
2833,6255
2834,6256
2835,6259
2836,6260
2837,6263
2838,6264
2839,6267
2840,6268
2841,6273
2842,6274
2843,6275
2844,6276
2845,6281
2846,6282
2847,6283
2848,6284
2849,6289
2850,6290
2851,6293
2852,6294
2853,6295
2854,6296
2855,6299
2856,6300
2857,6305
2858,6306
2859,6309
2860,6310
2861,6313
2862,6314
2863,6315
2864,6316
2865,6321
2866,6322
2867,6323
2868,6324
2869,6327
2870,6328
2871,6333
2872,6334
2873,6337
2874,6338
2875,6341
2876,6342
2877,6343
2878,6344
2879,6347
2880,6348
2881,6353
2882,6354
2883,6357
2884,6358
2885,6361
2886,6362
2887,6363
2888,6364
2889,6367
2890,6368
2891,6371
2892,6372
2893,6375
2894,6376
2895,6383
2896,6384
2897,6387
2898,6388
2899,6393
2900,6394
2901,6397
2902,6398
2903,6401
2904,6402
2905,6405
2906,6406
2907,6409
2908,6410
2909,6413
2910,6414
2911,6415
2912,6416
2913,6419
2914,6420
2915,6423
2916,6424
2917,6429
2918,6430
2919,6433
2920,6434
2921,6435
2922,6436
2923,6439
2924,6440
2925,6445
2926,6446
2927,6449
2928,6450
2929,6457
2930,6458
2931,6459
2932,6460
2933,6465
2934,6466
2935,6469
2936,6470
2937,6471
2938,6472
2939,6477
2940,6478
2941,6479
2942,6480
2943,6483
2944,6484
2945,6487
2946,6488
2947,6493
2948,6494
2949,6497
2950,6498
2951,6499
2952,6500
2953,6503
2954,6504
2955,6507
2956,6508
2957,6511
2958,6512
2959,6517
2960,6518
2961,6521
2962,6522
2963,6523
2964,6524
2965,6529
2966,6530
2967,6531
2968,6532
2969,6535
2970,6536
2971,6539
2972,6540
2973,6543
2974,6544
2975,6549
2976,6550
2977,6553
2978,6554
2979,6557
2980,6558
2981,6559
2982,6560
2983,6565
2984,6566
2985,6567
2986,6568
2987,6573
2988,6574
2989,6575
2990,6576
2991,6585
2992,6586
2993,6587
2994,6588
2995,6591
2996,6592
2997,6597
2998,6598
2999,6605
3000,6606
3001,6609
3002,6610
3003,6613
3004,6614
3005,6617
3006,6618
3007,6621
3008,6622
3009,6625
3010,6626
3011,6627
3012,6628
3013,6633
3014,6634
3015,6635
3016,6636
3017,6641
3018,6642
3019,6645
3020,6646
3021,6649
3022,6650
3023,6652
3024,6653
3025,6654
3026,6655
3027,6660
3028,6661
3029,6664
3030,6665
3031,6666
3032,6667
3033,6672
3034,6673
3035,6674
3036,6675
3037,6680
3038,6681
3039,6684
3040,6685
3041,6686
3042,6687
3043,6692
3044,6693
3045,6694
3046,6695
3047,6698
3048,6699
3049,6708
3050,6709
3051,6712
3052,6713
3053,6714
3054,6715
3055,6718
3056,6719
3057,6722
3058,6723
3059,6728
3060,6729
3061,6730
3062,6731
3063,6736
3064,6737
3065,6740
3066,6741
3067,6742
3068,6743
3069,6748
3070,6749
3071,6750
3072,6751
3073,6756
3074,6757
3075,6758
3076,6759
3077,6762
3078,6763
3079,6766
3080,6767
3081,6770
3082,6771
3083,6776
3084,6777
3085,6778
3086,6779
3087,6784
3088,6785
3089,6788
3090,6789
3091,6790
3092,6791
3093,6796
3094,6797
3095,6798
3096,6799
3097,6804
3098,6805
3099,6808
3100,6809
3101,6812
3102,6813
3103,6816
3104,6817
3105,6820
3106,6821
3107,6822
3108,6823
3109,6828
3110,6829
3111,6832
3112,6833
3113,6834
3114,6835
3115,6840
3116,6841
3117,6842
3118,6849
3119,6850
3120,6852
3121,6853
3122,6858
3123,6859
3124,6860
3125,6861
3126,6866
3127,6867
3128,6870
3129,6871
3130,6872
3131,6873
3132,6878
3133,6879
3134,6880
3135,6881
3136,6884
3137,6885
3138,6890
3139,6891
3140,6892
3141,6893
3142,6898
3143,6899
3144,6902
3145,6903
3146,6904
3147,6905
3148,6910
3149,6911
3150,6914
3151,6915
3152,6916
3153,6917
3154,6922
3155,6923
3156,6926
3157,6927
3158,6928
3159,6929
3160,6932
3161,6933
3162,6936
3163,6937
3164,6940
3165,6941
3166,6946
3167,6947
3168,6948
3169,6949
3170,6954
3171,6955
3172,6956
3173,6957
3174,6962
3175,6963
3176,6966
3177,6967
3178,6970
3179,6971
3180,6974
3181,6975
3182,6976
3183,6977
3184,6982
3185,6983
3186,6984
3187,6985
3188,6988
3189,6989
3190,6992
3191,6993
3192,6996
3193,6997
3194,7002
3195,7003
3196,7006
3197,7007
3198,7010
3199,7011
3200,7014
3201,7015
3202,7018
3203,7019
3204,7022
3205,7023
3206,7024
3207,7025
3208,7032
3209,7035
3210,7038
3211,7039
3212,7040
3213,7041
3214,7044
3215,7045
3216,7050
3217,7051
3218,7054
3219,7055
3220,7056
3221,7057
3222,7060
3223,7061
3224,7066
3225,7067
3226,7068
3227,7069
3228,7072
3229,7073
3230,7078
3231,7079
3232,7082
3233,7083
3234,7084
3235,7085
3236,7088
3237,7089
3238,7092
3239,7093
3240,7098
3241,7099
3242,7100
3243,7101
3244,7104
3245,7105
3246,7110
3247,7111
3248,7112
3249,7113
3250,7122
3251,7123
3252,7124
3253,7125
3254,7130
3255,7131
3256,7134
3257,7135
3258,7136
3259,7137
3260,7142
3261,7143
3262,7146
3263,7147
3264,7148
3265,7149
3266,7152
3267,7153
3268,7156
3269,7157
3270,7162
3271,7163
3272,7164
3273,7165
3274,7168
3275,7169
3276,7172
3277,7173
3278,7178
3279,7179
3280,7180
3281,7181
3282,7186
3283,7187
3284,7188
3285,7189
3286,7192
3287,7193
3288,7198
3289,7199
3290,7202
3291,7203
3292,7204
3293,7205
3294,7210
3295,7211
3296,7216
3297,7217
3298,7220
3299,7221
3300,7224
3301,7225
3302,7230
3303,7231
3304,7234
3305,7235
3306,7238
3307,7239
3308,7242
3309,7243
3310,7246
3311,7247
3312,7250
3313,7251
3314,7254
3315,7255
3316,7256
3317,7257
3318,7260
3319,7261
3320,7264
3321,7265
3322,7268
3323,7269
3324,7271
3325,7272
3326,7275
3327,7276
3328,7279
3329,7280
3330,7283
3331,7284
3332,7287
3333,7288
3334,7293
3335,7294
3336,7300
3337,7301
3338,7306
3339,7307
3340,7312
3341,7313
3342,7322
3343,7329
3344,7330
3345,7335
3346,7336
3347,7339
3348,7340
3349,7349
3350,7350
3351,7357
3352,7358
3353,7369
3354,7370
3355,7377
3356,7380
3357,7381
3358,7384
3359,7385
3360,7388
3361,7389
3362,7394
3363,7395
3364,7396
3365,7397
3366,7400
3367,7401
3368,7406
3369,7407
3370,7410
3371,7411
3372,7422
3373,7423
3374,7424
3375,7425
3376,7428
3377,7429
3378,7432
3379,7433
3380,7436
3381,7439
3382,7440
3383,7443
3384,7444
3385,7447
3386,7448
3387,7451
3388,7452
3389,7457
3390,7458
3391,7461
3392,7462
3393,7465
3394,7466
3395,7469
3396,7470
3397,7473
3398,7474
3399,7477
3400,7478
3401,7481
3402,7482
3403,7487
3404,7488
3405,7491
3406,7492
3407,7501
3408,7502
3409,7503
3410,7504
3411,7509
3412,7510
3413,7511
3414,7512
3415,7517
3416,7518
3417,7525
3418,7526
3419,7537
3420,7538
3421,7545
3422,7546
3423,7553
3424,7554
3425,7555
3426,7556
3427,7559
3428,7560
3429,7561
3430,7562
3431,7563
3432,7564
3433,7565
3434,7566
3435,7567
3436,7568
3437,7569
3438,7570
3439,7571
3440,7572
3441,7573
3442,7574
3443,7575
3444,7576
3445,7577
3446,7578
3447,7579
3448,7580
3449,7581
3450,7582
3451,7583
3452,7584
3453,7585
3454,7586
3455,7587
3456,7588
3457,7589
3458,7590
3459,7591
3460,7592
3461,7593
3462,7594
3463,7595
3464,7596
3465,7597
3466,7598
3467,7599
3468,7600
3469,7601
3470,7602
3471,7603
3472,7604
3473,7605
3474,7606
3475,7607
3476,7608
3477,7609
3478,7610
3479,7611
3480,7612
3481,7613
3482,7614
3483,7615
3484,7616
3485,7617
3486,7618
3487,7619
3488,7620
3489,7621
3490,7622
3491,7623
3492,7624
3493,7625
3494,7626
3495,7627
3496,7628
3497,7629
3498,7630
3499,7631
3500,7632
3501,7633
3502,7634
3503,7635
3504,7636
3505,7637
3506,7638
3507,7639
3508,7640
3509,7641
3510,7642
3511,7643
3512,7644
3513,7645
3514,7646
3515,7647
3516,7648
3517,7649
3518,7650
3519,7651
3520,7652
3521,7653
3522,7654
3523,7655
3524,7656
3525,7657
3526,7658
3527,7659
3528,7660
3529,7661
3530,7662
3531,7663
3532,7664
3533,7665
3534,7666
3535,7667
3536,7668
3537,7669
3538,7670
3539,7671
3540,7672
3541,7673
3542,7674
3543,7675
3544,7676
3545,7677
3546,7678
3547,7679
3548,7680
3549,7681
3550,7682
3551,7683
3552,7684
3553,7685
3554,7686
3555,7687
3556,7688
3557,7689
3558,7690
3559,7691
3560,7692
3561,7693
3562,7694
3563,7695
3564,7696
3565,7697
3566,7698
3567,7699
3568,7700
3569,7701
3570,7702
3571,7703
3572,7704
3573,7705
3574,7706
3575,7707
3576,7708
3577,7709
3578,7710
3579,7711
3580,7712
3581,7713
3582,7714
3583,7715
3584,7716
3585,7717
3586,7718
3587,7719
3588,7720
3589,7721
3590,7722
3591,7723
3592,7724
3593,7725
3594,7726
3595,7727
3596,7728
3597,7729
3598,7730
3599,7731
3600,7732
3601,7733
3602,7734
3603,7735
3604,7736
3605,7737
3606,7738
3607,7739
3608,7740
3609,7741
3610,7742
3611,7743
3612,7744
3613,7745
3614,7746
3615,7747
3616,7748
3617,7749
3618,7750
3619,7751
3620,7752
3621,7753
3622,7754
3623,7755
3624,7756
3625,7757
3626,7758
3627,7759
3628,7760
3629,7761
3630,7762
3631,7763
3632,7764
3633,7765
3634,7766
3635,7767
3636,7768
3637,7769
3638,7770
3639,7771
3640,7772
3641,7773
3642,7774
3643,7775
3644,7776
3645,7777
3646,7778
3647,7779
3648,7780
3649,7781
3650,7782
3651,7783
3652,7784
3653,7785
3654,7786
3655,7787
3656,7788
3657,7789
3658,7790
3659,7791
3660,7792
3661,7793
3662,7794
3663,7795
3664,7796
3665,7797
3666,7798
3667,7799
3668,7800
3669,7801
3670,7802
3671,7803
3672,7804
3673,7805
3674,7806
3675,7807
3676,7808
3677,7809
3678,7810
3679,7811
3680,7812
3681,7813
3682,7814
3683,7815
3684,7816
3685,7817
3686,7818
3687,7819
3688,7820
3689,7821
3690,7822
3691,7823
3692,7824
3693,7825
3694,7826
3695,7827
3696,7828
3697,7829
3698,7830
3699,7831
3700,7832
3701,7833
3702,7834
3703,7835
3704,7836
3705,7837
3706,7838
3707,7839
3708,7840
3709,7841
3710,7842
3711,7843
3712,7844
3713,7845
3714,7846
3715,7847
3716,7848
3717,7849
3718,7850
3719,7851
3720,7852
3721,7853
3722,7854
3723,7855
3724,7856
3725,7857
3726,7858
3727,7859
3728,7860
3729,7861
3730,7862
3731,7863
3732,7864
3733,7865
3734,7866
3735,7867
3736,7868
3737,7869
3738,7870
3739,7871
3740,7872
3741,7873
3742,7874
3743,7875
3744,7876
3745,7877
3746,7878
3747,7879
3748,7880
3749,7881
3750,7882
3751,7883
3752,7884
3753,7885
3754,7886
3755,7887
3756,7888
3757,7889
3758,7890
3759,7891
3760,7892
3761,7893
3762,7894
3763,7895
3764,7896
3765,7897
3766,7898
3767,7899
3768,7900
3769,7901
3770,7902
3771,7903
3772,7904
3773,7905
3774,7906
3775,7907
3776,7908
3777,7909
3778,7910
3779,7911
3780,7912
3781,7913
3782,7914
3783,7915
3784,7916
3785,7917
3786,7918
3787,7919
3788,7920
3789,7921
3790,7922
3791,7923
3792,7924
3793,7925
3794,7926
3795,7927
3796,7928
3797,7929
3798,7930
3799,7931
3800,7932
3801,7933
3802,7934
3803,7935
3804,7936
3805,7937
3806,7938
3807,7939
3808,7940
3809,7941
3810,7942
3811,7943
3812,7944
3813,7945
3814,7946
3815,7947
3816,7948
3817,7949
3818,7950
3819,7951
3820,7952
3821,7953
3822,7954
3823,7955
3824,7956
3825,7957
3826,7958
3827,7959
3828,7960
3829,7961
3830,7962
3831,7963
3832,7964
3833,7965
3834,7966
3835,7967
3836,7968
3837,7969
3838,7970
3839,7971
3840,7972
3841,7973
3842,7974
3843,7975
3844,7976
3845,7977
3846,7978
3847,7979
3848,7980
3849,7981
3850,7982
3851,7983
3852,7984
3853,7985
3854,7986
3855,7987
3856,7988
3857,7989
3858,7990
3859,7991
3860,7992
3861,7993
3862,7994
3863,7995
3864,7996
3865,7997
3866,7998
3867,7999
3868,8000
3869,8001
3870,8002
3871,8003
3872,8004
3873,8005
3874,8006
3875,8007
3876,8008
3877,8009
3878,8010
3879,8011
3880,8012
3881,8013
3882,8014
3883,8015
3884,8016
3885,8017
3886,8018
3887,8019
3888,8020
3889,8021
3890,8022
3891,8023
3892,8024
3893,8025
3894,8026
3895,8027
3896,8028
3897,8029
3898,8030
3899,8031
3900,8032
3901,8033
3902,8034
3903,8035
3904,8036
3905,8037
3906,8038
3907,8039
3908,8040
3909,8041
3910,8042
3911,8043
3912,8044
3913,8045
3914,8046
3915,8047
3916,8048
3917,8049
3918,8050
3919,8051
3920,8052
3921,8053
3922,8054
3923,8055
3924,8056
3925,8057
3926,8058
3927,8059
3928,8060
3929,8061
3930,8062
3931,8063
3932,8064
3933,8065
3934,8066
3935,8067
3936,8068
3937,8069
3938,8070
3939,8071
3940,8072
3941,8073
3942,8074
3943,8075
3944,8076
3945,8077
3946,8078
3947,8079
3948,8080
3949,8081
3950,8082
3951,8083
3952,8084
3953,8085
3954,8086
3955,8087
3956,8088
3957,8089
3958,8090
3959,8091
3960,8092
3961,8093
3962,8094
3963,8095
3964,8096
3965,8097
3966,8098
3967,8099
3968,8100
3969,8101
3970,8102
3971,8103
3972,8104
3973,8105
3974,8106
3975,8107
3976,8108
3977,8109
3978,8110
3979,8111
3980,8112
3981,8113
3982,8114
3983,8115
3984,8116
3985,8117
3986,8118
3987,8119
3988,8120
3989,8121
3990,8122
3991,8123
3992,8124
3993,8125
3994,8126
3995,8127
3996,8128
3997,8129
3998,8130
3999,8131
4000,8132
4001,8133
4002,8134
4003,8135
4004,8136
4005,8137
4006,8138
4007,8139
4008,8140
4009,8141
4010,8142
4011,8143
4012,8144
4013,8145
4014,8146
4015,8147
4016,8148
4017,8149
4018,8150
4019,8151
4020,8152
4021,8153
4022,8154
4023,8155
4024,8156
4025,8157
4026,8158
4027,8159
4028,8160
4029,8161
4030,8162
4031,8163
4032,8164
4033,8165
4034,8166
4035,8167
4036,8168
4037,8169
4038,8170
4039,8171
4040,8172
4041,8173
4042,8174
4043,8175
4044,8176
4045,8177
4046,8178
4047,8179
4048,8180
4049,8181
4050,8182
4051,8183
4052,8184
4053,8185
4054,8186
4055,8187
4056,8188
4057,8189
4058,8190
4059,8191
4060,8192
4061,8193
4062,8194
4063,8195
4064,8196
4065,8197
4066,8198
4067,8199
4068,8200
4069,8201
4070,8202
4071,8203
4072,8204
4073,8205
4074,8206
4075,8207
4076,8208
4077,8209
4078,8210
4079,8211
4080,8212
4081,8213
4082,8214
4083,8215
4084,8216
4085,8217
4086,8218
4087,8219
4088,8220
4089,8221
4090,8222
4091,8223
4092,8224
4093,8225
4094,8226
4095,8227
4096,8228
4097,8229
4098,8230
4099,8231
4100,8232
4101,8233
4102,8234
4103,8235
4104,8236
4105,8237
4106,8238
4107,8239
4108,8240
4109,8241
4110,8242
4111,8243
4112,8244
4113,8245
4114,8246
4115,8247
4116,8248
4117,8249
4118,8250
4119,8251
4120,8252
4121,8253
4122,8254
4123,8255
4124,8256
4125,8257
4126,8258
4127,8259
4128,8260
4129,8261
4130,8262
4131,8263
4132,8264
4133,8265
4134,8266
4135,8267
4136,8268
4137,8269
4138,8270
4139,8271
4140,8272
4141,8273
4142,8274
4143,8275
4144,8276
4145,8277
4146,8278
4147,8279
4148,8280
4149,8281
4150,8282
4151,8283
4152,8284
4153,8285
4154,8286
4155,8287
4156,8288
4157,8289
4158,8290
4159,8291
4160,8292
4161,8293
4162,8294
4163,8295
4164,8296
4165,8297
4166,8298
4167,8299
4168,8300
4169,8301
4170,8302
4171,8303
4172,8304
4173,8305
4174,8306
4175,8307
4176,8308
4177,8309
4178,8310
4179,8311
4180,8312
4181,8313
4182,8314
4183,8315
4184,8316
4185,8317
4186,8318
4187,8319
4188,8320
4189,8321
4190,8322
4191,8323
4192,8324
4193,8325
4194,8326
4195,8327
4196,8328
4197,8329
4198,8330
4199,8331
4200,8332
4201,8333
4202,8334
4203,8335
4204,8336
4205,8337
4206,8338
4207,8339
4208,8340
4209,8341
4210,8342
4211,8343
4212,8344
4213,8345
4214,8346
4215,8347
4216,8348
4217,8349
4218,8350
4219,8351
4220,8352
4221,8353
4222,8354
4223,8355
4224,8356
4225,8357
4226,8358
4227,8359
4228,8360
4229,8361
4230,8362
4231,8363
4232,8364
4233,8365
4234,8366
4235,8367
4236,8368
4237,8369
4238,8370
4239,8371
4240,8372
4241,8373
4242,8374
4243,8375
4244,8376
4245,8377
4246,8378
4247,8379
4248,8380
4249,8381
4250,8382
4251,8383
4252,8384
4253,8385
4254,8386
4255,8387
4256,8388
4257,8389
4258,8390
4259,8391
4260,8392
4261,8393
4262,8394
4263,8395
4264,8396
4265,8397
4266,8398
4267,8399
4268,8400
4269,8401
4270,8402
4271,8403
4272,8404
4273,8405
4274,8406
4275,8407
4276,8408
4277,8409
4278,8410
4279,8411
4280,8412
4281,8413
4282,8414
4283,8415
4284,8416
4285,8417
4286,8418
4287,8419
4288,8420
4289,8421
4290,8422
4291,8423
4292,8424
4293,8425
4294,8426
4295,8427
4296,8428
4297,8429
4298,8430
4299,8431
4300,8432
4301,8433
4302,8434
4303,8435
4304,8436
4305,8437
4306,8438
4307,8439
4308,8440
4309,8441
4310,8442
4311,8443
4312,8444
4313,8445
4314,8446
4315,8447
4316,8448
4317,8449
4318,8450
4319,8451
4320,8452
4321,8453
4322,8454
4323,8455
4324,8456
4325,8457
4326,8458
4327,8459
4328,8460
4329,8461
4330,8462
4331,8463
4332,8464
4333,8465
4334,8466
4335,8467
4336,8468
4337,8469
4338,8470
4339,8471
4340,8472
4341,8473
4342,8474
4343,8475
4344,8476
4345,8477
4346,8478
4347,8479
4348,8480
4349,8481
4350,8482
4351,8483
4352,8484
4353,8485
4354,8486
4355,8487
4356,8488
4357,8489
4358,8490
4359,8491
4360,8492
4361,8493
4362,8494
4363,8495
4364,8496
4365,8497
4366,8498
4367,8499
4368,8500
4369,8501
4370,8502
4371,8503
4372,8504
4373,8505
4374,8506
4375,8507
4376,8508
4377,8509
4378,8510
4379,8511
4380,8512
4381,8513
4382,8514
4383,8515
4384,8516
4385,8517
4386,8518
4387,8519
4388,8520
4389,8521
4390,8522
4391,8523
4392,8524
4393,8525
4394,8526
4395,8527
4396,8528
4397,8529
4398,8530
4399,8531
4400,8532
4401,8533
4402,8534
4403,8535
4404,8536
4405,8537
4406,8538
4407,8539
4408,8540
4409,8541
4410,8542
4411,8543
4412,8544
4413,8545
4414,8546
4415,8547
4416,8548
4417,8549
4418,8550
4419,8551
4420,8552
4421,8553
4422,8554
4423,8555
4424,8556
4425,8557
4426,8558
4427,8559
4428,8560
4429,8561
4430,8562
4431,8563
4432,8564
4433,8565
4434,8566
4435,8567
4436,8568
4437,8569
4438,8570
4439,8571
4440,8572
4441,8573
4442,8574
4443,8575
4444,8576
4445,8577
4446,8578
4447,8579
4448,8580
4449,8581
4450,8582
4451,8583
4452,8584
4453,8585
4454,8586
4455,8587
4456,8588
4457,8589
4458,8590
4459,8591
4460,8592
4461,8593
4462,8594
4463,8595
4464,8596
4465,8597
4466,8598
4467,8599
4468,8600
4469,8601
4470,8602
4471,8603
4472,8604
4473,8605
4474,8606
4475,8607
4476,8608
4477,8609
4478,8610
4479,8611
4480,8612
4481,8613
4482,8614
4483,8615
4484,8616
4485,8617
4486,8618
4487,8619
4488,8620
4489,8621
4490,8622
4491,8623
4492,8624
4493,8625
4494,8626
4495,8627
4496,8628
4497,8629
4498,8630
4499,8631
4500,8632
4501,8633
4502,8634
4503,8635
4504,8636
4505,8637
4506,8638
4507,8639
4508,8640
4509,8641
4510,8642
4511,8643
4512,8644
4513,8645
4514,8646
4515,8647
4516,8648
4517,8649
4518,8650
4519,8651
4520,8652
4521,8653
4522,8654
4523,8655
4524,8656
4525,8657
4526,8658
4527,8659
4528,8660
4529,8661
4530,8662
4531,8663
4532,8664
4533,8665
4534,8666
4535,8667
4536,8668
4537,8669
4538,8670
4539,8671
4540,8672
4541,8673
4542,8674
4543,8675
4544,8676
4545,8677
4546,8678
4547,8679
4548,8680
4549,8681
4550,8682
4551,8683
4552,8684
4553,8685
4554,8686
4555,8687
4556,8688
4557,8689
4558,8690
4559,8691
4560,8692
4561,8693
4562,8694
4563,8695
4564,8696
4565,8697
4566,8698
4567,8699
4568,8700
4569,8701
4570,8702
4571,8703
4572,8704
4573,8705
4574,8706
4575,8707
4576,8708
4577,8709
4578,8710
4579,8711
4580,8712
4581,8713
4582,8714
4583,8715
4584,8716
4585,8717
4586,8718
4587,8719
4588,8720
4589,8721
4590,8722
4591,8723
4592,8724
4593,8725
4594,8726
4595,8727
4596,8728
4597,8729
4598,8730
4599,8731
4600,8732
4601,8733
4602,8734
4603,8735
4604,8736
4605,8737
4606,8738
4607,8739
4608,8740
4609,8741
4610,8742
4611,8743
4612,8744
4613,8745
4614,8746
4615,8747
4616,8748
4617,8749
4618,8750
4619,8751
4620,8752
4621,8753
4622,8754
4623,8755
4624,8756
4625,8757
4626,8758
4627,8759
4628,8760
4629,8761
4630,8762
4631,8763
4632,8764
4633,8765
4634,8766
4635,8767
4636,8768
4637,8769
4638,8770
4639,8771
4640,8772
4641,8773
4642,8774
4643,8775
4644,8776
4645,8777
4646,8778
4647,8779
4648,8780
4649,8781
4650,8782
4651,8783
4652,8784
4653,8785
4654,8786
4655,8787
4656,8788
4657,8789
4658,8790
4659,8791
4660,8792
4661,8793
4662,8794
4663,8795
4664,8796
4665,8797
4666,8798
4667,8799
4668,8800
4669,8801
4670,8802
4671,8803
4672,8804
4673,8805
4674,8806
4675,8807
4676,8808
4677,8809
4678,8810
4679,8811
4680,8812
4681,8813
4682,8814
4683,8815
4684,8816
4685,8817
4686,8818
4687,8819
4688,8820
4689,8821
4690,8822
4691,8823
4692,8824
4693,8825
4694,8826
4695,8827
4696,8828
4697,8829
4698,8830
4699,8831
4700,8832
4701,8833
4702,8834
4703,8835
4704,8836
4705,8837
4706,8838
4707,8839
4708,8840
4709,8841
4710,8842
4711,8843
4712,8844
4713,8845
4714,8846
4715,8847
4716,8848
4717,8849
4718,8850
4719,8851
4720,8852
4721,8853
4722,8854
4723,8855
4724,8856
4725,8857
4726,8858
4727,8859
4728,8860
4729,8861
4730,8862
4731,8863
4732,8864
4733,8865
4734,8866
4735,8867
4736,8868
4737,8869
4738,8870
4739,8871
4740,8872
4741,8873
4742,8874
4743,8875
4744,8876
4745,8877
4746,8878
4747,8879
4748,8880
4749,8881
4750,8882
4751,8883
4752,8884
4753,8885
4754,8886
4755,8887
4756,8888
4757,8889
4758,8890
4759,8891
4760,8892
4761,8893
4762,8894
4763,8895
4764,8896
4765,8897
4766,8898
4767,8899
4768,8900
4769,8901
4770,8902
4771,8903
4772,8904
4773,8905
4774,8906
4775,8907
4776,8908
4777,8909
4778,8910
4779,8911
4780,8912
4781,8913
4782,8914
4783,8915
4784,8916
4785,8917
4786,8918
4787,8919
4788,8920
4789,8921
4790,8922
4791,8923
4792,8924
4793,8925
4794,8926
4795,8927
4796,8928
4797,8929
4798,8930
4799,8931
4800,8932
4801,8933
4802,8934
4803,8935
4804,8936
4805,8937
4806,8938
4807,8939
4808,8940
4809,8941
4810,8942
4811,8943
4812,8944
4813,8945
4814,8946
4815,8947
4816,8948
4817,8949
4818,8950
4819,8951
4820,8952
4821,8953
4822,8954
4823,8955
4824,8956
4825,8957
4826,8958
4827,8959
4828,8960
4829,8961
4830,8962
4831,8963
4832,8964
4833,8965
4834,8966
4835,8967
4836,8968
4837,8969
4838,8970
4839,8971
4840,8972
4841,8973
4842,8974
4843,8975
4844,8976
4845,8977
4846,8978
4847,8979
4848,8980
4849,8981
4850,8982
4851,8983
4852,8984
4853,8985
4854,8986
4855,8987
4856,8988
4857,8989
4858,8990
4859,8991
4860,8992
4861,8993
4862,8994
4863,8995
4864,8996
4865,8997
4866,8998
4867,8999
4868,9000
4869,9001
4870,9002
4871,9003
4872,9004
4873,9005
4874,9006
4875,9007
4876,9008
4877,9009
4878,9010
4879,9011
4880,9012
4881,9013
4882,9014
4883,9015
4884,9016
4885,9017
4886,9018
4887,9019
4888,9020
4889,9021
4890,9022
4891,9023
4892,9024
4893,9025
4894,9026
4895,9027
4896,9028
4897,9029
4898,9030
4899,9031
4900,9032
4901,9033
4902,9034
4903,9035
4904,9036
4905,9037
4906,9038
4907,9039
4908,9040
4909,9041
4910,9042
4911,9043
4912,9044
4913,9045
4914,9046
4915,9047
4916,9048
4917,9049
4918,9050
4919,9051
4920,9052
4921,9053
4922,9054
4923,9055
4924,9056
4925,9057
4926,9058
4927,9059
4928,9060
4929,9061
4930,9062
4931,9063
4932,9064
4933,9065
4934,9066
4935,9067
4936,9068
4937,9069
4938,9070
4939,9071
4940,9072
4941,9073
4942,9074
4943,9075
4944,9076
4945,9077
4946,9078
4947,9079
4948,9080
4949,9081
4950,9082
4951,9083
4952,9084
4953,9085
4954,9086
4955,9087
4956,9088
4957,9089
4958,9090
4959,9091
4960,9092
4961,9093
4962,9094
4963,9095
4964,9096
4965,9097
4966,9098
4967,9099
4968,9100
4969,9101
4970,9102
4971,9103
4972,9104
4973,9105
4974,9106
4975,9107
4976,9108
4977,9109
4978,9110
4979,9111
4980,9112
4981,9113
4982,9114
4983,9115
4984,9116
4985,9117
4986,9118
4987,9119
4988,9120
4989,9121
4990,9122
4991,9123
4992,9124
4993,9125
4994,9126
4995,9127
4996,9128
4997,9129
4998,9130
4999,9131
5000,9132
5001,9133
5002,9134
5003,9135
5004,9136
5005,9137
5006,9138
5007,9139
5008,9140
5009,9141
5010,9142
5011,9143
5012,9144
5013,9145
5014,9146
5015,9147
5016,9148
5017,9149
5018,9150
5019,9151
5020,9152
5021,9153
5022,9154
5023,9155
5024,9156
5025,9157
5026,9158
5027,9159
5028,9160
5029,9161
5030,9162
5031,9163
5032,9164
5033,9165
5034,9166
5035,9167
5036,9168
5037,9169
5038,9170
5039,9171
5040,9172
5041,9173
5042,9174
5043,9175
5044,9176
5045,9177
5046,9178
5047,9179
5048,9180
5049,9181
5050,9182
5051,9183
5052,9184
5053,9185
5054,9186
5055,9187
5056,9188
5057,9189
5058,9190
5059,9191
5060,9192
5061,9193
5062,9194
5063,9195
5064,9196
5065,9197
5066,9198
5067,9199
5068,9200
5069,9201
5070,9202
5071,9203
5072,9204
5073,9205
5074,9206
5075,9207
5076,9208
5077,9209
5078,9210
5079,9211
5080,9212
5081,9213
5082,9214
5083,9215
5084,9216
5085,9217
5086,9218
5087,9219
5088,9220
5089,9221
5090,9222
5091,9223
5092,9224
5093,9225
5094,9226
5095,9227
5096,9228
5097,9229
5098,9230
5099,9231
5100,9232
5101,9233
5102,9234
5103,9235
5104,9236
5105,9237
5106,9238
5107,9239
5108,9240
5109,9241
5110,9242
5111,9243
5112,9244
5113,9245
5114,9246
5115,9247
5116,9248
5117,9249
5118,9250
5119,9251
5120,9252
5121,9253
5122,9254
5123,9255
5124,9256
5125,9257
5126,9258
5127,9259
5128,9260
5129,9261
5130,9262
5131,9263
5132,9264
5133,9265
5134,9266
5135,9267
5136,9268
5137,9269
5138,9270
5139,9271
5140,9272
5141,9273
5142,9274
5143,9275
5144,9276
5145,9277
5146,9278
5147,9279
5148,9280
5149,9281
5150,9282
5151,9283
5152,9284
5153,9285
5154,9286
5155,9287
5156,9288
5157,9289
5158,9290
5159,9291
5160,9292
5161,9293
5162,9294
5163,9295
5164,9296
5165,9297
5166,9298
5167,9299
5168,9300
5169,9301
5170,9302
5171,9303
5172,9304
5173,9305
5174,9306
5175,9307
5176,9308
5177,9309
5178,9310
5179,9311
5180,9312
5181,9313
5182,9314
5183,9315
5184,9316
5185,9317
5186,9318
5187,9319
5188,9320
5189,9321
5190,9322
5191,9323
5192,9324
5193,9325
5194,9326
5195,9327
5196,9328
5197,9329
5198,9330
5199,9331
5200,9332
5201,9333
5202,9334
5203,9335
5204,9336
5205,9337
5206,9338
5207,9339
5208,9340
5209,9341
5210,9342
5211,9343
5212,9344
5213,9345
5214,9346
5215,9347
5216,9348
5217,9349
5218,9350
5219,9351
5220,9352
5221,9353
5222,9354
5223,9355
5224,9356
5225,9357
5226,9358
5227,9359
5228,9360
5229,9361
5230,9362
5231,9363
5232,9364
5233,9365
5234,9366
5235,9367
5236,9368
5237,9369
5238,9370
5239,9371
5240,9372
5241,9373
5242,9374
5243,9375
5244,9376
5245,9377
5246,9378
5247,9379
5248,9380
5249,9381
5250,9382
5251,9383
5252,9384
5253,9385
5254,9386
5255,9387
5256,9388
5257,9389
5258,9390
5259,9391
5260,9392
5261,9393
5262,9394
5263,9395
5264,9396
5265,9397
5266,9398
5267,9399
5268,9400
5269,9401
5270,9402
5271,9403
5272,9404
5273,9405
5274,9406
5275,9407
5276,9408
5277,9409
5278,9410
5279,9411
5280,9412
5281,9413
5282,9414
5283,9415
5284,9416
5285,9417
5286,9418
5287,9419
5288,9420
5289,9421
5290,9422
5291,9423
5292,9424
5293,9425
5294,9426
5295,9427
5296,9428
5297,9429
5298,9430
5299,9431
5300,9432
5301,9433
5302,9434
5303,9435
5304,9436
5305,9437
5306,9438
5307,9439
5308,9440
5309,9441
5310,9442
5311,9443
5312,9444
5313,9445
5314,9446
5315,9447
5316,9448
5317,9449
5318,9450
5319,9451
5320,9452
5321,9453
5322,9454
5323,9455
5324,9456
5325,9457
5326,9458
5327,9459
5328,9460
5329,9461
5330,9462
5331,9463
5332,9464
5333,9465
5334,9466
5335,9467
5336,9468
5337,9469
5338,9470
5339,9471
5340,9472
5341,9473
5342,9474
5343,9475
5344,9476
5345,9477
5346,9478
5347,9479
5348,9480
5349,9481
5350,9482
5351,9483
5352,9484
5353,9485
5354,9486
5355,9487
5356,9488
5357,9489
5358,9490
5359,9491
5360,9492
5361,9493
5362,9494
5363,9495
5364,9496
5365,9497
5366,9498
5367,9499
5368,9500
5369,9501
5370,9502
5371,9503
5372,9504
5373,9505
5374,9506
5375,9507
5376,9508
5377,9509
5378,9510
5379,9511
5380,9512
5381,9513
5382,9514
5383,9515
5384,9516
5385,9517
5386,9518
5387,9519
5388,9520
5389,9521
5390,9522
5391,9523
5392,9524
5393,9525
5394,9526
5395,9527
5396,9528
5397,9529
5398,9530
5399,9531
5400,9532
5401,9533
5402,9534
5403,9535
5404,9536
5405,9537
5406,9538
5407,9539
5408,9540
5409,9541
5410,9542
5411,9543
5412,9544
5413,9545
5414,9546
5415,9547
5416,9548
5417,9549
5418,9550
5419,9551
5420,9552
5421,9553
5422,9554
5423,9555
5424,9556
5425,9557
5426,9558
5427,9559
5428,9560
5429,9561
5430,9562
5431,9563
5432,9564
5433,9565
5434,9566
5435,9567
5436,9568
5437,9569
5438,9570
5439,9571
5440,9572
5441,9573
5442,9574
5443,9575
5444,9576
5445,9577
5446,9578
5447,9579
5448,9580
5449,9581
5450,9582
5451,9583
5452,9584
5453,9585
5454,9586
5455,9587
5456,9588
5457,9589
5458,9590
5459,9591
5460,9592
5461,9593
5462,9594
5463,9595
5464,9596
5465,9597
5466,9598
5467,9599
5468,9600
5469,9601
5470,9602
5471,9603
5472,9604
5473,9605
5474,9606
5475,9607
5476,9608
5477,9609
5478,9610
5479,9611
5480,9612
5481,9613
5482,9614
5483,9615
5484,9616
5485,9617
5486,9618
5487,9619
5488,9620
5489,9621
5490,9622
5491,9623
5492,9624
5493,9625
5494,9626
5495,9627
5496,9628
5497,9629
5498,9630
5499,9631
5500,9632
5501,9633
5502,9634
5503,9635
5504,9636
5505,9637
5506,9638
5507,9639
5508,9640
5509,9641
5510,9642
5511,9643
5512,9644
5513,9645
5514,9646
5515,9647
5516,9648
5517,9649
5518,9650
5519,9651
5520,9652
5521,9653
5522,9654
5523,9655
5524,9656
5525,9657
5526,9658
5527,9659
5528,9660
5529,9661
5530,9662
5531,9663
5532,9664
5533,9665
5534,9666
5535,9667
5536,9668
5537,9669
5538,9670
5539,9671
5540,9672
5541,9673
5542,9674
5543,9675
5544,9676
5545,9677
5546,9678
5547,9679
5548,9680
5549,9681
5550,9682
5551,9683
5552,9684
5553,9685
5554,9686
5555,9687
5556,9688
5557,9689
5558,9690
5559,9691
5560,9692
5561,9693
5562,9694
5563,9695
5564,9696
5565,9697
5566,9698
5567,9699
5568,9700
5569,9701
5570,9702
5571,9703
5572,9704
5573,9705
5574,9706
5575,9707
5576,9708
5577,9709
5578,9710
5579,9711
5580,9712
5581,9713
5582,9714
5583,9715
5584,9716
5585,9717
5586,9718
5587,9719
5588,9720
5589,9721
5590,9722
5591,9723
5592,9724
5593,9725
5594,9726
5595,9727
5596,9728
5597,9729
5598,9730
5599,9731
5600,9732
5601,9733
5602,9734
5603,9735
5604,9736
5605,9737
5606,9738
5607,9739
5608,9740
5609,9741
5610,9742
5611,9743
5612,9744
5613,9745
5614,9746
5615,9747
5616,9748
5617,9749
5618,9750
5619,9751
5620,9752
5621,9753
5622,9754
5623,9755
5624,9756
5625,9757
5626,9758
5627,9759
5628,9760
5629,9761
5630,9762
5631,9763
5632,9764
5633,9765
5634,9766
5635,9767
5636,9768
5637,9769
5638,9770
5639,9771
5640,9772
5641,9773
5642,9774
5643,9775
5644,9776
5645,9777
5646,9778
5647,9779
5648,9780
5649,9781
5650,9782
5651,9783
5652,9784
5653,9785
5654,9786
5655,9787
5656,9788
5657,9789
5658,9790
5659,9791
5660,9792
5661,9793
5662,9794
5663,9795
5664,9796
5665,9797
5666,9798
5667,9799
5668,9800
5669,9801
5670,9802
5671,9803
5672,9804
5673,9805
5674,9806
5675,9807
5676,9808
5677,9809
5678,9810
5679,9811
5680,9812
5681,9813
5682,9814
5683,9815
5684,9816
5685,9817
5686,9818
5687,9819
5688,9820
5689,9821
5690,9822
5691,9823
5692,9824
5693,9825
5694,9826
5695,9827
5696,9828
5697,9829
5698,9830
5699,9831
5700,9832
5701,9833
5702,9834
5703,9835
5704,9836
5705,9837
5706,9838
5707,9839
5708,9840
5709,9841
5710,9842
5711,9843
5712,9844
5713,9845
5714,9846
5715,9847
5716,9848
5717,9849
5718,9850
5719,9851
5720,9852
5721,9853
5722,9854
5723,9855
5724,9856
5725,9857
5726,9858
5727,9859
5728,9860
5729,9861
5730,9862
5731,9863
5732,9864
5733,9865
5734,9866
5735,9867
5736,9868
5737,9869
5738,9870
5739,9871
5740,9872
5741,9873
5742,9874
5743,9875
5744,9876
5745,9877
5746,9878
5747,9879
5748,9880
5749,9881
5750,9882
5751,9883
5752,9884
5753,9885
5754,9886
5755,9887
5756,9888
5757,9889
5758,9890
5759,9891
5760,9892
5761,9893
5762,9894
5763,9895
5764,9896
5765,9897
5766,9898
5767,9899
5768,9900
5769,9901
5770,9902
5771,9903
5772,9904
5773,9905
5774,9906
5775,9907
5776,9908
5777,9909
5778,9910
5779,9911
5780,9912
5781,9913
5782,9914
5783,9915
5784,9916
5785,9917
5786,9918
5787,9919
5788,9920
5789,9921
5790,9922
5791,9923
5792,9924
5793,9925
5794,9926
5795,9927
5796,9928
5797,9929
5798,9930
5799,9931
5800,9932
5801,9933
5802,9934
5803,9935
5804,9936
5805,9937
5806,9938
5807,9939
5808,9940
5809,9941
5810,9942
5811,9943
5812,9944
5813,9945
5814,9946
5815,9947
5816,9948
5817,9949
5818,9950
5819,9951
5820,9952
5821,9953
5822,9954
5823,9955
5824,9956
5825,9957
5826,9958
5827,9959
5828,9960
5829,9961
5830,9962
5831,9963
5832,9964
5833,9965
5834,9966
5835,9967
5836,9968
5837,9969
5838,9970
5839,9971
5840,9972
5841,9973
5842,9974
5843,9975
5844,9976
5845,9977
5846,9978
5847,9979
5848,9980
5849,9981
5850,9982
5851,9983
5852,9984
5853,9985
5854,9986
5855,9987
5856,9988
5857,9989
5858,9990
5859,9991
5860,9992
5861,9993
5862,9994
5863,9995
5864,9996
5865,9997
5866,9998
5867,9999
5868,10000
5869,10001
5870,10002
5871,10003
5872,10004
5873,10005
5874,10006
5875,10007
5876,10008
5877,10009
5878,10010
5879,10011
5880,10012
5881,10013
5882,10014
5883,10015
5884,10016
5885,10017
5886,10018
5887,10019
5888,10020
5889,10021
5890,10022
5891,10023
5892,10024
5893,10025
5894,10026
5895,10027
5896,10028
5897,10029
5898,10030
5899,10031
5900,10032
5901,10033
5902,10034
5903,10035
5904,10036
5905,10037
5906,10038
5907,10039
5908,10040
5909,10041
5910,10042
5911,10043
5912,10044
5913,10045
5914,10046
5915,10047
5916,10048
5917,10049
5918,10050
5919,10051
5920,10052
5921,10053
5922,10054
5923,10055
5924,10056
5925,10057
5926,10058
5927,10059
5928,10060
5929,10061
5930,10062
5931,10063
5932,10064
5933,10065
5934,10066
5935,10067
5936,10068
5937,10069
5938,10070
5939,10071
5940,10072
5941,10073
5942,10074
5943,10075
5944,10076
5945,10077
5946,10078
5947,10079
5948,10080
5949,10081
5950,10082
5951,10083
5952,10084
5953,10085
5954,10086
5955,10087
5956,10088
5957,10089
5958,10090
5959,10091
5960,10092
5961,10093
5962,10094
5963,10095
5964,10096
5965,10097
5966,10098
5967,10099
5968,10100
5969,10101
5970,10102
5971,10103
5972,10104
5973,10105
5974,10106
5975,10107
5976,10108
5977,10109
5978,10110
5979,10111
5980,10112
5981,10113
5982,10114
5983,10115
5984,10116
5985,10117
5986,10118
5987,10119
5988,10120
5989,10121
5990,10122
5991,10123
5992,10124
5993,10125
5994,10126
5995,10127
5996,10128
5997,10129
5998,10130
5999,10131
6000,10132
6001,10133
6002,10134
6003,10135
6004,10136
6005,10137
6006,10138
6007,10139
6008,10140
6009,10141
6010,10142
6011,10143
6012,10144
6013,10145
6014,10146
6015,10147
6016,10148
6017,10149
6018,10150
6019,10151
6020,10152
6021,10153
6022,10154
6023,10155
6024,10156
6025,10157
6026,10158
6027,10159
6028,10160
6029,10161
6030,10162
6031,10163
6032,10164
6033,10165
6034,10166
6035,10167
6036,10168
6037,10169
6038,10170
6039,10171
6040,10172
6041,10173
6042,10174
6043,10175
6044,10176
6045,10177
6046,10178
6047,10179
6048,10180
6049,10181
6050,10182
6051,10183
6052,10184
6053,10185
6054,10186
6055,10187
6056,10188
6057,10189
6058,10190
6059,10191
6060,10192
6061,10193
6062,10194
6063,10195
6064,10196
6065,10197
6066,10198
6067,10199
6068,10200
6069,10201
6070,10202
6071,10203
6072,10204
6073,10205
6074,10206
6075,10207
6076,10208
6077,10209
6078,10210
6079,10211
6080,10212
6081,10213
6082,10214
6083,10215
6084,10216
6085,10217
6086,10218
6087,10219
6088,10220
6089,10221
6090,10222
6091,10223
6092,10224
6093,10225
6094,10226
6095,10227
6096,10228
6097,10229
6098,10230
6099,10231
6100,10232
6101,10233
6102,10234
6103,10235
6104,10236
6105,10237
6106,10238
6107,10239
6108,10240
6109,10241
6110,10242
6111,10243
6112,10244
6113,10245
6114,10246
6115,10247
6116,10248
6117,10249
6118,10250
6119,10251
6120,10252
6121,10253
6122,10254
6123,10255
6124,10256
6125,10257
6126,10258
6127,10259
6128,10260
6129,10261
6130,10262
6131,10263
6132,10264
6133,10265
6134,10266
6135,10267
6136,10268
6137,10269
6138,10270
6139,10271
6140,10272
6141,10273
6142,10274
6143,10275
6144,10276
6145,10277
6146,10278
6147,10279
6148,10280
6149,10281
6150,10282
6151,10283
6152,10284
6153,10285
6154,10286
6155,10287
6156,10288
6157,10289
6158,10290
6159,10291
6160,10292
6161,10293
6162,10294
6163,10295
6164,10296
6165,10297
6166,10298
6167,10299
6168,10300
6169,10301
6170,10302
6171,10303
6172,10304
6173,10305
6174,10306
6175,10307
6176,10308
6177,10309
6178,10310
6179,10311
6180,10312
6181,10313
6182,10314
6183,10315
6184,10316
6185,10317
6186,10318
6187,10319
6188,10320
6189,10321
6190,10322
6191,10323
6192,10324
6193,10325
6194,10326
6195,10327
6196,10328
6197,10329
6198,10330
6199,10331
6200,10332
6201,10333
6202,10334
6203,10335
6204,10336
6205,10337
6206,10338
